Gilt Name,Close of Business Date,ISIN,Type,Coupon,Maturity,Clean Price,Dirty Price,Purchased_Price,Yield,Mod Duration,Accrued Interest
UKT 0.75 07/23,20/04/2023,GB00BF0HZ991,Conventional,0.75,22/07/2023,99.125,99.309392,114,4.166506,0.2548,0.184392
UKT 0.75 07/23,21/04/2023,GB00BF0HZ991,Conventional,0.75,22/07/2023,99.148,99.338608,107,4.184635,0.246741,0.190608
UKT 0.75 07/23,24/04/2023,GB00BF0HZ991,Conventional,0.75,22/07/2023,99.164,99.35668,111,4.156595,0.244074,0.19268
UKT 0.75 07/23,25/04/2023,GB00BF0HZ991,Conventional,0.75,22/07/2023,99.193,99.387751,97,4.07377,0.241437,0.194751
UKT 0.75 07/23,26/04/2023,GB00BF0HZ991,Conventional,0.75,22/07/2023,99.197,99.393823,96,4.094474,0.238739,0.196823
UKT 2.25 09/23,20/04/2023,GB00B7Z53659,Conventional,2.25,07/09/2023,99.305,99.580136,100,4.073762,0.375004,0.275136
UKT 2.25 09/23,21/04/2023,GB00B7Z53659,Conventional,2.25,07/09/2023,99.309,99.602478,100,4.102488,0.366993,0.293478
UKT 2.25 09/23,24/04/2023,GB00B7Z53659,Conventional,2.25,07/09/2023,99.328,99.627592,104,4.06368,0.364386,0.299592
UKT 2.25 09/23,25/04/2023,GB00B7Z53659,Conventional,2.25,07/09/2023,99.343,99.648707,96,4.035423,0.361764,0.305707
UKT 2.25 09/23,26/04/2023,GB00B7Z53659,Conventional,2.25,07/09/2023,99.331,99.642821,111,4.082216,0.359043,0.311821
UKT 0.125 01/24,20/04/2023,GB00BMGR2791,Conventional,0.125,31/01/2024,96.843,96.870624,108,4.30432,0.755118,0.027624
UKT 0.125 01/24,21/04/2023,GB00BMGR2791,Conventional,0.125,31/01/2024,96.846,96.87466,108,4.344554,0.747197,0.02866
UKT 0.125 01/24,24/04/2023,GB00BMGR2791,Conventional,0.125,31/01/2024,96.894,96.923006,104,4.293027,0.744918,0.029006
UKT 0.125 01/24,25/04/2023,GB00BMGR2791,Conventional,0.125,31/01/2024,97.002,97.031351,101,4.157935,0.743096,0.029351
UKT 0.125 01/24,26/04/2023,GB00BMGR2791,Conventional,0.125,31/01/2024,97.027,97.056696,94,4.137576,0.740635,0.029696
UKT 1 04/24,20/04/2023,GB00BFWFPL34,Conventional,1,22/04/2024,96.765,96.762253,98,4.331542,0.96072,-0.002747
UKT 1 04/24,21/04/2023,GB00BFWFPL34,Conventional,1,22/04/2024,96.768,96.773464,110,4.355853,0.952956,0.005464
UKT 1 04/24,24/04/2023,GB00BFWFPL34,Conventional,1,22/04/2024,96.815,96.823197,96,4.348873,0.950822,0.008197
UKT 1 04/24,25/04/2023,GB00BFWFPL34,Conventional,1,22/04/2024,96.925,96.935929,106,4.238269,0.949305,0.010929
UKT 1 04/24,26/04/2023,GB00BFWFPL34,Conventional,1,22/04/2024,96.939,96.952661,111,4.23181,0.94684,0.013661
UKT 2.75 09/24,20/04/2023,GB00BHBFH458,Conventional,2.75,07/09/2024,98.004,98.340277,107,4.25499,1.328945,0.336277
UKT 2.75 09/24,21/04/2023,GB00BHBFH458,Conventional,2.75,07/09/2024,97.987,98.345696,110,4.276804,1.320818,0.358696
UKT 2.75 09/24,24/04/2023,GB00BHBFH458,Conventional,2.75,07/09/2024,98.044,98.410168,92,4.235815,1.318429,0.366168
UKT 2.75 09/24,25/04/2023,GB00BHBFH458,Conventional,2.75,07/09/2024,98.192,98.565641,103,4.124527,1.316503,0.373641
UKT 2.75 09/24,26/04/2023,GB00BHBFH458,Conventional,2.75,07/09/2024,98.209,98.590114,100,4.114075,1.31391,0.381114
UKT 0.25 01/25,20/04/2023,GB00BLPK7110,Conventional,0.25,31/01/2025,93.257,93.312249,109,4.224202,1.738372,0.055249
UKT 0.25 01/25,21/04/2023,GB00BLPK7110,Conventional,0.25,31/01/2025,93.28,93.33732,97,4.228697,1.730218,0.05732
UKT 0.25 01/25,24/04/2023,GB00BLPK7110,Conventional,0.25,31/01/2025,93.287,93.345011,100,4.230619,1.727496,0.058011
UKT 0.25 01/25,25/04/2023,GB00BLPK7110,Conventional,0.25,31/01/2025,93.399,93.457702,96,4.167383,1.725328,0.058702
UKT 0.25 01/25,26/04/2023,GB00BLPK7110,Conventional,0.25,31/01/2025,93.453,93.512392,102,4.140038,1.722854,0.059392
UKT 5 03/25,20/04/2023,GB0030880693,Conventional,5,07/03/2025,101.684,102.295413,106,4.056927,1.770542,0.611413
UKT 5 03/25,21/04/2023,GB0030880693,Conventional,5,07/03/2025,101.658,102.310174,98,4.067317,1.762454,0.652174
UKT 5 03/25,24/04/2023,GB0030880693,Conventional,5,07/03/2025,101.611,102.276761,99,4.092098,1.759559,0.665761
UKT 5 03/25,25/04/2023,GB0030880693,Conventional,5,07/03/2025,101.734,102.413348,97,4.022414,1.757548,0.679348
UKT 5 03/25,26/04/2023,GB0030880693,Conventional,5,07/03/2025,101.746,102.438935,106,4.014346,1.75496,0.692935
UKT 0.625 06/25,20/04/2023,GB00BK5CVX03,Conventional,0.625,07/06/2025,93.705,93.936799,108,3.727681,2.074207,0.231799
UKT 0.625 06/25,21/04/2023,GB00BK5CVX03,Conventional,0.625,07/06/2025,93.704,93.940951,96,3.740276,2.065985,0.236951
UKT 0.625 06/25,24/04/2023,GB00BK5CVX03,Conventional,0.625,07/06/2025,93.647,93.885668,96,3.773743,2.062942,0.238668
UKT 0.625 06/25,25/04/2023,GB00BK5CVX03,Conventional,0.625,07/06/2025,93.762,94.002385,109,3.718432,2.060818,0.240385
UKT 0.625 06/25,26/04/2023,GB00BK5CVX03,Conventional,0.625,07/06/2025,93.783,94.025102,105,3.711609,2.058191,0.242102
UKT 2 09/25,20/04/2023,GB00BTHH2R79,Conventional,2,07/09/2025,95.793,96.037565,93,3.868218,2.283207,0.244565
UKT 2 09/25,21/04/2023,GB00BTHH2R79,Conventional,2,07/09/2025,95.782,96.04287,98,3.879519,2.275076,0.26087
UKT 2 09/25,24/04/2023,GB00BTHH2R79,Conventional,2,07/09/2025,95.741,96.007304,99,3.900413,2.272162,0.266304
UKT 2 09/25,25/04/2023,GB00BTHH2R79,Conventional,2,07/09/2025,95.868,96.139739,99,3.844308,2.270161,0.271739
UKT 2 09/25,26/04/2023,GB00BTHH2R79,Conventional,2,07/09/2025,95.885,96.162174,106,3.838581,2.267563,0.277174
UKT 3.5 10/25,20/04/2023,GB00BPCJD880,Conventional,3.5,22/10/2025,98.425,98.415385,92,4.169286,2.368059,-0.009615
UKT 3.5 10/25,21/04/2023,GB00BPCJD880,Conventional,3.5,22/10/2025,98.425,98.444126,102,4.171271,2.359989,0.019126
UKT 3.5 10/25,24/04/2023,GB00BPCJD880,Conventional,3.5,22/10/2025,98.373,98.401689,109,4.194348,2.357019,0.028689
UKT 3.5 10/25,25/04/2023,GB00BPCJD880,Conventional,3.5,22/10/2025,98.53,98.568251,104,4.127342,2.355194,0.038251
UKT 3.5 10/25,26/04/2023,GB00BPCJD880,Conventional,3.5,22/10/2025,98.561,98.608814,112,4.114598,2.352679,0.047814
UKT 0.125 01/26,20/04/2023,GB00BL68HJ26,Conventional,0.125,30/01/2026,90.626,90.65397,108,3.709488,2.720784,0.02797
UKT 0.125 01/26,21/04/2023,GB00BL68HJ26,Conventional,0.125,30/01/2026,90.657,90.686006,103,3.707692,2.712671,0.029006
UKT 0.125 01/26,24/04/2023,GB00BL68HJ26,Conventional,0.125,30/01/2026,90.643,90.672351,108,3.716994,2.709835,0.029351
UKT 0.125 01/26,25/04/2023,GB00BL68HJ26,Conventional,0.125,30/01/2026,90.839,90.868696,102,3.640862,2.708141,0.029696
UKT 0.125 01/26,26/04/2023,GB00BL68HJ26,Conventional,0.125,30/01/2026,90.859,90.889041,101,3.636271,2.70549,0.030041
UKT 1.5 07/26,20/04/2023,GB00BYZW3G56,Conventional,1.5,22/07/2026,93.196,93.564785,108,3.739564,3.115026,0.368785
UKT 1.5 07/26,21/04/2023,GB00BYZW3G56,Conventional,1.5,22/07/2026,93.23,93.611215,99,3.733478,3.106994,0.381215
UKT 1.5 07/26,24/04/2023,GB00BYZW3G56,Conventional,1.5,22/07/2026,93.235,93.620359,94,3.733624,3.10428,0.385359
UKT 1.5 07/26,25/04/2023,GB00BYZW3G56,Conventional,1.5,22/07/2026,93.469,93.858503,98,3.655025,3.102894,0.389503
UKT 1.5 07/26,26/04/2023,GB00BYZW3G56,Conventional,1.5,22/07/2026,93.483,93.876646,103,3.652018,3.100232,0.393646
UKT 0.375 10/26,20/04/2023,GB00BNNGP668,Conventional,0.375,22/10/2026,88.723,88.72197,109,3.847083,3.415943,-0.00103
UKT 0.375 10/26,21/04/2023,GB00BNNGP668,Conventional,0.375,22/10/2026,88.761,88.763049,111,3.842682,3.407962,0.002049
UKT 0.375 10/26,24/04/2023,GB00BNNGP668,Conventional,0.375,22/10/2026,88.768,88.771074,94,3.843081,3.405274,0.003074
UKT 0.375 10/26,25/04/2023,GB00BNNGP668,Conventional,0.375,22/10/2026,89.028,89.032098,96,3.759865,3.40402,0.004098
UKT 0.375 10/26,26/04/2023,GB00BNNGP668,Conventional,0.375,22/10/2026,89.052,89.057123,94,3.754595,3.401428,0.005123
UKT 4.125 01/27,20/04/2023,GB00BL6C7720,Conventional,4.125,29/01/2027,100.463,101.397392,108,3.990161,3.434015,0.934392
UKT 4.125 01/27,21/04/2023,GB00BL6C7720,Conventional,4.125,29/01/2027,100.495,101.463577,109,3.980672,3.426105,0.968577
UKT 4.125 01/27,24/04/2023,GB00BL6C7720,Conventional,4.125,29/01/2027,100.493,101.472972,106,3.981148,3.423385,0.979972
UKT 4.125 01/27,25/04/2023,GB00BL6C7720,Conventional,4.125,29/01/2027,100.767,101.758367,105,3.902246,3.422464,0.991367
UKT 4.125 01/27,26/04/2023,GB00BL6C7720,Conventional,4.125,29/01/2027,100.741,101.743762,100,3.909566,3.419589,1.002762
UKT 1.25 07/27,20/04/2023,GB00BDRHNP05,Conventional,1.25,22/07/2027,90.528,90.83532,112,3.675111,4.061825,0.30732
UKT 1.25 07/27,21/04/2023,GB00BDRHNP05,Conventional,1.25,22/07/2027,90.56,90.87768,93,3.671055,4.053781,0.31768
UKT 1.25 07/27,24/04/2023,GB00BDRHNP05,Conventional,1.25,22/07/2027,90.538,90.859133,99,3.678575,4.050895,0.321133
UKT 1.25 07/27,25/04/2023,GB00BDRHNP05,Conventional,1.25,22/07/2027,90.817,91.141586,101,3.604404,4.049888,0.324586
UKT 1.25 07/27,26/04/2023,GB00BDRHNP05,Conventional,1.25,22/07/2027,90.8,91.128039,106,3.610516,4.047034,0.328039
UKT 4.25 12/27,20/04/2023,GB00B16NNR78,Conventional,4.25,07/12/2027,102.382,103.958236,110,3.684704,4.116914,1.576236
UKT 4.25 12/27,21/04/2023,GB00B16NNR78,Conventional,4.25,07/12/2027,102.386,103.997264,103,3.682892,4.108879,1.611264
UKT 4.25 12/27,24/04/2023,GB00B16NNR78,Conventional,4.25,07/12/2027,102.329,103.95194,112,3.695951,4.105766,1.62294
UKT 4.25 12/27,25/04/2023,GB00B16NNR78,Conventional,4.25,07/12/2027,102.602,104.236615,110,3.631766,4.105111,1.634615
UKT 4.25 12/27,26/04/2023,GB00B16NNR78,Conventional,4.25,07/12/2027,102.584,104.230291,93,3.635656,4.102289,1.646291
UKT 0.125 01/28,20/04/2023,GB00BMBL1G81,Conventional,0.125,31/01/2028,84.569,84.596624,98,3.675245,4.677366,0.027624
UKT 0.125 01/28,21/04/2023,GB00BMBL1G81,Conventional,0.125,31/01/2028,84.626,84.65466,110,3.667021,4.66942,0.02866
UKT 0.125 01/28,24/04/2023,GB00BMBL1G81,Conventional,0.125,31/01/2028,84.606,84.635006,108,3.674148,4.666541,0.029006
UKT 0.125 01/28,25/04/2023,GB00BMBL1G81,Conventional,0.125,31/01/2028,84.91,84.939351,95,3.599353,4.665578,0.029351
UKT 0.125 01/28,26/04/2023,GB00BMBL1G81,Conventional,0.125,31/01/2028,84.883,84.912696,96,3.608198,4.662657,0.029696
UKT 1.625 10/28,20/04/2023,GB00BFX0ZL78,Conventional,1.625,22/10/2028,90.09,90.085536,107,3.627898,5.177806,-0.004464
UKT 1.625 10/28,21/04/2023,GB00BFX0ZL78,Conventional,1.625,22/10/2028,90.148,90.15688,112,3.618296,5.170056,0.00888
UKT 1.625 10/28,24/04/2023,GB00BFX0ZL78,Conventional,1.625,22/10/2028,90.122,90.13532,101,3.624821,5.167158,0.01332
UKT 1.625 10/28,25/04/2023,GB00BFX0ZL78,Conventional,1.625,22/10/2028,90.472,90.48976,103,3.550746,5.166902,0.01776
UKT 1.625 10/28,26/04/2023,GB00BFX0ZL78,Conventional,1.625,22/10/2028,90.438,90.460199,105,3.558935,5.163949,0.022199
UKT 6 12/28,20/04/2023,GB0002404191,Conventional,6,07/12/2028,111.672,113.897275,93,3.684056,4.727027,2.225275
UKT 6 12/28,21/04/2023,GB0002404191,Conventional,6,07/12/2028,111.708,113.982725,108,3.67454,4.719385,2.274725
UKT 6 12/28,24/04/2023,GB0002404191,Conventional,6,07/12/2028,111.668,113.959209,107,3.681035,4.716379,2.291209
UKT 6 12/28,25/04/2023,GB0002404191,Conventional,6,07/12/2028,112.066,114.373692,96,3.606168,4.717228,2.307692
UKT 6 12/28,26/04/2023,GB0002404191,Conventional,6,07/12/2028,112.014,114.338176,107,3.614839,4.714119,2.324176
UKT 0.5 01/29,20/04/2023,GB00BLPK7227,Conventional,0.5,31/01/2029,83.23,83.340497,98,3.755065,5.582008,0.110497
UKT 0.5 01/29,21/04/2023,GB00BLPK7227,Conventional,0.5,31/01/2029,83.287,83.401641,109,3.747439,5.574108,0.114641
UKT 0.5 01/29,24/04/2023,GB00BLPK7227,Conventional,0.5,31/01/2029,83.303,83.419022,95,3.74554,5.571455,0.116022
UKT 0.5 01/29,25/04/2023,GB00BLPK7227,Conventional,0.5,31/01/2029,83.669,83.786403,104,3.668486,5.57111,0.117403
UKT 0.5 01/29,26/04/2023,GB00BLPK7227,Conventional,0.5,31/01/2029,83.618,83.736785,104,3.680928,5.568015,0.118785
UKT 0.875 10/29,20/04/2023,GB00BJMHB534,Conventional,0.875,22/10/2029,84.228,84.225596,92,3.618776,6.20394,-0.002404
UKT 0.875 10/29,21/04/2023,GB00BJMHB534,Conventional,0.875,22/10/2029,84.29,84.294781,105,3.610278,6.196195,0.004781
UKT 0.875 10/29,24/04/2023,GB00BJMHB534,Conventional,0.875,22/10/2029,84.306,84.313172,101,3.608334,6.193585,0.007172
UKT 0.875 10/29,25/04/2023,GB00BJMHB534,Conventional,0.875,22/10/2029,84.722,84.731563,98,3.529974,6.193855,0.009563
UKT 0.875 10/29,26/04/2023,GB00BJMHB534,Conventional,0.875,22/10/2029,84.659,84.670954,108,3.543076,6.190677,0.011954
UKT 0.375 10/30,20/04/2023,GB00BL68HH02,Conventional,0.375,22/10/2030,78.668,78.66697,105,3.651128,7.256452,-0.00103
UKT 0.375 10/30,21/04/2023,GB00BL68HH02,Conventional,0.375,22/10/2030,78.77,78.772049,102,3.636812,7.248973,0.002049
UKT 0.375 10/30,24/04/2023,GB00BL68HH02,Conventional,0.375,22/10/2030,78.809,78.812074,105,3.63116,7.246521,0.003074
UKT 0.375 10/30,25/04/2023,GB00BL68HH02,Conventional,0.375,22/10/2030,79.26,79.264098,102,3.553584,7.247008,0.004098
UKT 0.375 10/30,26/04/2023,GB00BL68HH02,Conventional,0.375,22/10/2030,79.177,79.182123,101,3.569196,7.243685,0.005123
UKT 4.75 12/30,20/04/2023,GB00B24FF097,Conventional,4.75,07/12/2030,107.401,109.162676,109,3.630038,6.317211,1.761676
UKT 4.75 12/30,21/04/2023,GB00B24FF097,Conventional,4.75,07/12/2030,107.503,109.303824,97,3.614258,6.31035,1.800824
UKT 4.75 12/30,24/04/2023,GB00B24FF097,Conventional,4.75,07/12/2030,107.536,109.349874,105,3.60914,6.308051,1.813874
UKT 4.75 12/30,25/04/2023,GB00B24FF097,Conventional,4.75,07/12/2030,108.062,109.888923,104,3.532746,6.31132,1.826923
UKT 4.75 12/30,26/04/2023,GB00B24FF097,Conventional,4.75,07/12/2030,107.952,109.791973,92,3.548264,6.307408,1.839973
UKT 0.25 07/31,20/04/2023,GB00BMGR2809,Conventional,0.25,31/07/2031,75.589,75.644249,93,3.700125,8.028733,0.055249
UKT 0.25 07/31,21/04/2023,GB00BMGR2809,Conventional,0.25,31/07/2031,75.7,75.75732,109,3.685291,8.021261,0.05732
UKT 0.25 07/31,24/04/2023,GB00BMGR2809,Conventional,0.25,31/07/2031,75.755,75.813011,100,3.677385,8.018903,0.058011
UKT 0.25 07/31,25/04/2023,GB00BMGR2809,Conventional,0.25,31/07/2031,76.228,76.286702,96,3.600955,8.019613,0.058702
UKT 0.25 07/31,26/04/2023,GB00BMGR2809,Conventional,0.25,31/07/2031,76.117,76.176392,104,3.620236,8.016036,0.059392
UKT 1 01/32,20/04/2023,GB00BM8Z2T38,Conventional,1,31/01/2032,79.756,79.976994,102,3.724525,8.196155,0.220994
UKT 1 01/32,21/04/2023,GB00BM8Z2T38,Conventional,1,31/01/2032,79.862,80.091282,105,3.710821,8.188885,0.229282
UKT 1 01/32,24/04/2023,GB00BM8Z2T38,Conventional,1,31/01/2032,79.912,80.144044,99,3.704017,8.186603,0.232044
UKT 1 01/32,25/04/2023,GB00BM8Z2T38,Conventional,1,31/01/2032,80.414,80.648807,95,3.628561,8.188657,0.234807
UKT 1 01/32,26/04/2023,GB00BM8Z2T38,Conventional,1,31/01/2032,80.305,80.542569,92,3.645878,8.184851,0.237569
UKT 4.25 06/32,20/04/2023,GB0004893086,Conventional,4.25,07/06/2032,104.51,106.086236,111,3.66381,7.44993,1.576236
UKT 4.25 06/32,21/04/2023,GB0004893086,Conventional,4.25,07/06/2032,104.617,106.228264,102,3.649854,7.443341,1.611264
UKT 4.25 06/32,24/04/2023,GB0004893086,Conventional,4.25,07/06/2032,104.676,106.29894,98,3.642252,7.441462,1.62294
UKT 4.25 06/32,25/04/2023,GB0004893086,Conventional,4.25,07/06/2032,105.28,106.914615,101,3.56599,7.446978,1.634615
UKT 4.25 06/32,26/04/2023,GB0004893086,Conventional,4.25,07/06/2032,105.118,106.764291,106,3.586198,7.442103,1.646291
UKT 3.25 01/33,20/04/2023,GB00BMV7TC88,Conventional,3.25,31/01/2033,95.744,96.638862,94,3.773813,8.189055,0.894862
UKT 3.25 01/33,21/04/2023,GB00BMV7TC88,Conventional,3.25,31/01/2033,95.83,96.751796,94,3.763325,8.18211,0.921796
UKT 3.25 01/33,24/04/2023,GB00BMV7TC88,Conventional,3.25,31/01/2033,95.878,96.808774,102,3.757387,8.180071,0.930774
UKT 3.25 01/33,25/04/2023,GB00BMV7TC88,Conventional,3.25,31/01/2033,96.445,97.384752,94,3.686137,8.185422,0.939752
UKT 3.25 01/33,26/04/2023,GB00BMV7TC88,Conventional,3.25,31/01/2033,96.333,97.28173,95,3.700307,8.181107,0.94873
UKT 0.875 07/33,20/04/2023,GB00BM8Z2S21,Conventional,0.875,31/07/2033,75.27,75.46337,106,3.804253,9.560375,0.19337
UKT 0.875 07/33,21/04/2023,GB00BM8Z2S21,Conventional,0.875,31/07/2033,75.38,75.580622,107,3.79127,9.553288,0.200622
UKT 0.875 07/33,24/04/2023,GB00BM8Z2S21,Conventional,0.875,31/07/2033,75.44,75.643039,95,3.783714,9.551185,0.203039
UKT 0.875 07/33,25/04/2023,GB00BM8Z2S21,Conventional,0.875,31/07/2033,76,76.205456,106,3.707243,9.554623,0.205456
UKT 0.875 07/33,26/04/2023,GB00BM8Z2S21,Conventional,0.875,31/07/2033,75.9,76.107873,94,3.721721,9.550747,0.207873
UKT 4.5 09/34,20/04/2023,GB00B52WS153,Conventional,4.5,07/09/2034,106.03,106.580272,94,3.840399,8.891242,0.550272
UKT 4.5 09/34,21/04/2023,GB00B52WS153,Conventional,4.5,07/09/2034,106.13,106.716957,112,3.829463,8.885046,0.586957
UKT 4.5 09/34,24/04/2023,GB00B52WS153,Conventional,4.5,07/09/2034,106.19,106.789185,99,3.823007,8.883444,0.599185
UKT 4.5 09/34,25/04/2023,GB00B52WS153,Conventional,4.5,07/09/2034,106.94,107.551413,112,3.744136,8.89377,0.611413
UKT 4.5 09/34,26/04/2023,GB00B52WS153,Conventional,4.5,07/09/2034,106.8,107.423641,98,3.758642,8.888714,0.623641
UKT 0.625 07/35,20/04/2023,GB00BMGR2916,Conventional,0.625,31/07/2035,68.2,68.338122,109,3.910882,11.466281,0.138122
UKT 0.625 07/35,21/04/2023,GB00BMGR2916,Conventional,0.625,31/07/2035,68.27,68.413301,92,3.904088,11.458838,0.143301
UKT 0.625 07/35,24/04/2023,GB00BMGR2916,Conventional,0.625,31/07/2035,68.34,68.485028,100,3.895874,11.456957,0.145028
UKT 0.625 07/35,25/04/2023,GB00BMGR2916,Conventional,0.625,31/07/2035,68.96,69.106754,111,3.817932,11.462096,0.146754
UKT 0.625 07/35,26/04/2023,GB00BMGR2916,Conventional,0.625,31/07/2035,68.84,68.988481,99,3.833792,11.457789,0.148481
UKT 4.25 03/36,20/04/2023,GB0032452392,Conventional,4.25,07/03/2036,103.36,103.879701,103,3.914939,9.860851,0.519701
UKT 4.25 03/36,21/04/2023,GB0032452392,Conventional,4.25,07/03/2036,103.48,104.034348,105,3.90305,9.855372,0.554348
UKT 4.25 03/36,24/04/2023,GB0032452392,Conventional,4.25,07/03/2036,103.57,104.135897,103,3.894215,9.854576,0.565897
UKT 4.25 03/36,25/04/2023,GB0032452392,Conventional,4.25,07/03/2036,104.39,104.967446,107,3.814616,9.868735,0.577446
UKT 4.25 03/36,26/04/2023,GB0032452392,Conventional,4.25,07/03/2036,104.23,104.818995,102,3.830004,9.862818,0.588995
UKT 1.75 09/37,20/04/2023,GB00BZB26Y51,Conventional,1.75,07/09/2037,75.39,75.603995,109,4.020303,12.181175,0.213995
UKT 1.75 09/37,21/04/2023,GB00BZB26Y51,Conventional,1.75,07/09/2037,75.51,75.738261,93,4.008394,12.175676,0.228261
UKT 1.75 09/37,24/04/2023,GB00BZB26Y51,Conventional,1.75,07/09/2037,75.59,75.823016,99,4.000093,12.174748,0.233016
UKT 1.75 09/37,25/04/2023,GB00BZB26Y51,Conventional,1.75,07/09/2037,76.26,76.497772,111,3.928234,12.18709,0.237772
UKT 1.75 09/37,26/04/2023,GB00BZB26Y51,Conventional,1.75,07/09/2037,76.1,76.342527,92,3.945777,12.180766,0.242527
UKT 3.75 01/38,20/04/2023,GB00BQC4R999,Conventional,3.75,29/01/2038,96.74,97.589448,96,4.044863,11.088038,0.849448
UKT 3.75 01/38,21/04/2023,GB00BQC4R999,Conventional,3.75,29/01/2038,96.86,97.740525,100,4.033898,11.083002,0.880525
UKT 3.75 01/38,24/04/2023,GB00BQC4R999,Conventional,3.75,29/01/2038,96.93,97.820884,100,4.027478,11.082102,0.890884
UKT 3.75 01/38,25/04/2023,GB00BQC4R999,Conventional,3.75,29/01/2038,97.7,98.601243,103,3.956818,11.099262,0.901243
UKT 3.75 01/38,26/04/2023,GB00BQC4R999,Conventional,3.75,29/01/2038,97.5,98.411602,93,3.975147,11.091403,0.911602
UKT 4.75 12/38,20/04/2023,GB00B00NY175,Conventional,4.75,07/12/2038,108.31,110.071676,107,4.027935,10.999824,1.761676
UKT 4.75 12/38,21/04/2023,GB00B00NY175,Conventional,4.75,07/12/2038,108.45,110.250824,104,4.016132,10.995688,1.800824
UKT 4.75 12/38,24/04/2023,GB00B00NY175,Conventional,4.75,07/12/2038,108.54,110.353874,103,4.008628,10.995501,1.813874
UKT 4.75 12/38,25/04/2023,GB00B00NY175,Conventional,4.75,07/12/2038,109.42,111.246923,95,3.936378,11.016919,1.826923
UKT 4.75 12/38,26/04/2023,GB00B00NY175,Conventional,4.75,07/12/2038,109.19,111.029973,109,3.955079,11.007988,1.839973
UKT 1.125 01/39,20/04/2023,GB00BLPK7334,Conventional,1.125,31/01/2039,65.99,66.238619,93,4.066302,13.777536,0.248619
UKT 1.125 01/39,21/04/2023,GB00BLPK7334,Conventional,1.125,31/01/2039,66.1,66.357942,102,4.055655,13.77177,0.257942
UKT 1.125 01/39,24/04/2023,GB00BLPK7334,Conventional,1.125,31/01/2039,66.18,66.44105,96,4.047371,13.770895,0.26105
UKT 1.125 01/39,25/04/2023,GB00BLPK7334,Conventional,1.125,31/01/2039,66.81,67.074157,106,3.979331,13.78321,0.264157
UKT 1.125 01/39,26/04/2023,GB00BLPK7334,Conventional,1.125,31/01/2039,66.61,66.877265,109,4.001457,13.775622,0.267265
UKT 4.25 09/39,20/04/2023,GB00B3KJDS62,Conventional,4.25,07/09/2039,102.15,102.669701,105,4.06855,11.718153,0.519701
UKT 4.25 09/39,21/04/2023,GB00B3KJDS62,Conventional,4.25,07/09/2039,102.29,102.844348,105,4.056842,11.714303,0.554348
UKT 4.25 09/39,24/04/2023,GB00B3KJDS62,Conventional,4.25,07/09/2039,102.38,102.945897,94,4.049348,11.714288,0.565897
UKT 4.25 09/39,25/04/2023,GB00B3KJDS62,Conventional,4.25,07/09/2039,103.21,103.787446,108,3.980833,11.735819,0.577446
UKT 4.25 09/39,26/04/2023,GB00B3KJDS62,Conventional,4.25,07/09/2039,102.95,103.538995,100,4.00218,11.725621,0.588995
UKT 4.25 12/40,20/04/2023,GB00B6460505,Conventional,4.25,07/12/2040,102.05,103.626236,106,4.085392,12.199055,1.576236
UKT 4.25 12/40,21/04/2023,GB00B6460505,Conventional,4.25,07/12/2040,102.2,103.811264,102,4.073495,12.196023,1.611264
UKT 4.25 12/40,24/04/2023,GB00B6460505,Conventional,4.25,07/12/2040,102.3,103.92294,98,4.065587,12.196684,1.62294
UKT 4.25 12/40,25/04/2023,GB00B6460505,Conventional,4.25,07/12/2040,103.17,104.804615,104,3.997293,12.222919,1.634615
UKT 4.25 12/40,26/04/2023,GB00B6460505,Conventional,4.25,07/12/2040,102.83,104.476291,100,4.023871,12.208974,1.646291
UKT 1.25 10/41,20/04/2023,GB00BJQWYH73,Conventional,1.25,22/10/2041,63.43,63.426566,100,4.08606,15.607048,-0.003434
UKT 1.25 10/41,21/04/2023,GB00BJQWYH73,Conventional,1.25,22/10/2041,63.56,63.566831,92,4.074029,15.602985,0.006831
UKT 1.25 10/41,24/04/2023,GB00BJQWYH73,Conventional,1.25,22/10/2041,63.65,63.660246,103,4.065323,15.603188,0.010246
UKT 1.25 10/41,25/04/2023,GB00BJQWYH73,Conventional,1.25,22/10/2041,64.35,64.363661,109,3.99564,15.623521,0.013661
UKT 1.25 10/41,26/04/2023,GB00BJQWYH73,Conventional,1.25,22/10/2041,64.09,64.107077,101,4.021911,15.612178,0.017077
UKT 4.5 12/42,20/04/2023,GB00B1VWPJ53,Conventional,4.5,07/12/2042,105.4,107.068956,103,4.096633,12.948705,1.668956
UKT 4.5 12/42,21/04/2023,GB00B1VWPJ53,Conventional,4.5,07/12/2042,105.57,107.276044,93,4.084287,12.947175,1.706044
UKT 4.5 12/42,24/04/2023,GB00B1VWPJ53,Conventional,4.5,07/12/2042,105.67,107.388407,111,4.077059,12.948315,1.718407
UKT 4.5 12/42,25/04/2023,GB00B1VWPJ53,Conventional,4.5,07/12/2042,106.64,108.370769,101,4.007672,12.982382,1.730769
UKT 4.5 12/42,26/04/2023,GB00B1VWPJ53,Conventional,4.5,07/12/2042,106.25,107.993132,96,4.035422,12.964994,1.743132
UKT 3.25 01/44,20/04/2023,GB00B84Z9V04,Conventional,3.25,22/01/2044,87.62,88.419033,93,4.144913,14.383688,0.799033
UKT 3.25 01/44,21/04/2023,GB00B84Z9V04,Conventional,3.25,22/01/2044,87.78,88.605967,105,4.13259,14.382672,0.825967
UKT 3.25 01/44,24/04/2023,GB00B84Z9V04,Conventional,3.25,22/01/2044,87.93,88.764945,94,4.120913,14.386693,0.834945
UKT 3.25 01/44,25/04/2023,GB00B84Z9V04,Conventional,3.25,22/01/2044,88.79,89.633923,101,4.054057,14.422458,0.843923
UKT 3.25 01/44,26/04/2023,GB00B84Z9V04,Conventional,3.25,22/01/2044,88.5,89.352901,112,4.076613,14.406779,0.852901
UKT 3.5 01/45,20/04/2023,GB00BN65R313,Conventional,3.5,22/01/2045,90.77,91.630497,95,4.147905,14.600753,0.860497
UKT 3.5 01/45,21/04/2023,GB00BN65R313,Conventional,3.5,22/01/2045,90.94,91.829503,92,4.135373,14.600663,0.889503
UKT 3.5 01/45,24/04/2023,GB00BN65R313,Conventional,3.5,22/01/2045,91.07,91.969171,92,4.125738,14.604128,0.899171
UKT 3.5 01/45,25/04/2023,GB00BN65R313,Conventional,3.5,22/01/2045,91.93,92.83884,100,4.062142,14.642119,0.90884
UKT 3.5 01/45,26/04/2023,GB00BN65R313,Conventional,3.5,22/01/2045,91.62,92.538508,110,4.085046,14.624762,0.918508
UKT 0.875 01/46,20/04/2023,GB00BNNGP775,Conventional,0.875,31/01/2046,52.34,52.53337,109,4.120499,19.151912,0.19337
UKT 0.875 01/46,21/04/2023,GB00BNNGP775,Conventional,0.875,31/01/2046,52.49,52.690622,92,4.106654,19.150684,0.200622
UKT 0.875 01/46,24/04/2023,GB00BNNGP775,Conventional,0.875,31/01/2046,52.59,52.793039,94,4.0971,19.152729,0.203039
UKT 0.875 01/46,25/04/2023,GB00BNNGP775,Conventional,0.875,31/01/2046,53.24,53.445456,101,4.0336,19.181512,0.205456
UKT 0.875 01/46,26/04/2023,GB00BNNGP775,Conventional,0.875,31/01/2046,53,53.207873,93,4.057413,19.167014,0.207873
UKT 4.25 12/46,20/04/2023,GB00B128DP45,Conventional,4.25,07/12/2046,101.6,103.176236,94,4.142895,14.672759,1.576236
UKT 4.25 12/46,21/04/2023,GB00B128DP45,Conventional,4.25,07/12/2046,101.77,103.381264,94,4.131666,14.673302,1.611264
UKT 4.25 12/46,24/04/2023,GB00B128DP45,Conventional,4.25,07/12/2046,101.88,103.50294,107,4.124416,14.676174,1.62294
UKT 4.25 12/46,25/04/2023,GB00B128DP45,Conventional,4.25,07/12/2046,102.84,104.474615,110,4.061603,14.721657,1.634615
UKT 4.25 12/46,26/04/2023,GB00B128DP45,Conventional,4.25,07/12/2046,102.47,104.116291,92,4.08571,14.70048,1.646291
UKT 1.5 07/47,20/04/2023,GB00BDCHBW80,Conventional,1.5,22/07/2047,60.02,60.388785,97,4.123234,18.485476,0.368785
UKT 1.5 07/47,21/04/2023,GB00BDCHBW80,Conventional,1.5,22/07/2047,60.17,60.551215,102,4.11053,18.486399,0.381215
UKT 1.5 07/47,24/04/2023,GB00BDCHBW80,Conventional,1.5,22/07/2047,60.27,60.655359,94,4.101842,18.489872,0.385359
UKT 1.5 07/47,25/04/2023,GB00BDCHBW80,Conventional,1.5,22/07/2047,60.96,61.349503,108,4.040969,18.53037,0.389503
UKT 1.5 07/47,26/04/2023,GB00BDCHBW80,Conventional,1.5,22/07/2047,60.71,61.103646,102,4.063248,18.511869,0.393646
UKT 1.75 01/49,20/04/2023,GB00BFWFPP71,Conventional,1.75,22/01/2049,62.79,63.220249,108,4.103699,18.706695,0.430249
UKT 1.75 01/49,21/04/2023,GB00BFWFPP71,Conventional,1.75,22/01/2049,62.95,63.394751,105,4.090762,18.709596,0.444751
UKT 1.75 01/49,24/04/2023,GB00BFWFPP71,Conventional,1.75,22/01/2049,63.05,63.499586,103,4.082529,18.713898,0.449586
UKT 1.75 01/49,25/04/2023,GB00BFWFPP71,Conventional,1.75,22/01/2049,63.79,64.24442,94,4.020888,18.763569,0.45442
UKT 1.75 01/49,26/04/2023,GB00BFWFPP71,Conventional,1.75,22/01/2049,63.51,63.969254,105,4.044366,18.740933,0.459254
UKT 4.25 12/49,20/04/2023,GB00B39R3707,Conventional,4.25,07/12/2049,102.06,103.636236,100,4.121596,15.731015,1.576236
UKT 4.25 12/49,21/04/2023,GB00B39R3707,Conventional,4.25,07/12/2049,102.23,103.841264,105,4.111168,15.73301,1.611264
UKT 4.25 12/49,24/04/2023,GB00B39R3707,Conventional,4.25,07/12/2049,102.32,103.94294,102,4.105658,15.735638,1.62294
UKT 4.25 12/49,25/04/2023,GB00B39R3707,Conventional,4.25,07/12/2049,103.32,104.954615,98,4.044916,15.79159,1.634615
UKT 4.25 12/49,26/04/2023,GB00B39R3707,Conventional,4.25,07/12/2049,102.92,104.566291,112,4.069108,15.765543,1.646291
UKT 0.625 10/50,20/04/2023,GB00BMBL1F74,Conventional,0.625,22/10/2050,43.47,43.468283,109,4.05351,23.244255,-0.001717
UKT 0.625 10/50,21/04/2023,GB00BMBL1F74,Conventional,0.625,22/10/2050,43.6,43.603415,111,4.041572,23.244469,0.003415
UKT 0.625 10/50,24/04/2023,GB00BMBL1F74,Conventional,0.625,22/10/2050,43.68,43.685123,98,4.033989,23.247034,0.005123
UKT 0.625 10/50,25/04/2023,GB00BMBL1F74,Conventional,0.625,22/10/2050,44.29,44.296831,103,3.974687,23.285216,0.006831
UKT 0.625 10/50,26/04/2023,GB00BMBL1F74,Conventional,0.625,22/10/2050,44.06,44.068538,107,3.997349,23.266952,0.008538
UKT 1.25 07/51,20/04/2023,GB00BLH38158,Conventional,1.25,31/07/2051,52.87,53.146243,105,4.071216,21.211767,0.276243
UKT 1.25 07/51,21/04/2023,GB00BLH38158,Conventional,1.25,31/07/2051,53.01,53.296602,102,4.05947,21.21522,0.286602
UKT 1.25 07/51,24/04/2023,GB00BLH38158,Conventional,1.25,31/07/2051,53.1,53.390055,106,4.051736,21.220128,0.290055
UKT 1.25 07/51,25/04/2023,GB00BLH38158,Conventional,1.25,31/07/2051,53.8,54.093508,94,3.990652,21.277422,0.293508
UKT 1.25 07/51,26/04/2023,GB00BLH38158,Conventional,1.25,31/07/2051,53.54,53.836961,101,4.013522,21.25228,0.296961
UKT 3.75 07/52,20/04/2023,GB00B6RNH572,Conventional,3.75,22/07/2052,94.13,95.051961,100,4.095862,17.113616,0.921961
UKT 3.75 07/52,21/04/2023,GB00B6RNH572,Conventional,3.75,22/07/2052,94.33,95.283039,112,4.083636,17.119631,0.953039
UKT 3.75 07/52,24/04/2023,GB00B6RNH572,Conventional,3.75,22/07/2052,94.47,95.433398,108,4.075079,17.126817,0.963398
UKT 3.75 07/52,25/04/2023,GB00B6RNH572,Conventional,3.75,22/07/2052,95.46,96.433757,97,4.014957,17.193616,0.973757
UKT 3.75 07/52,26/04/2023,GB00B6RNH572,Conventional,3.75,22/07/2052,95.1,96.084116,106,4.036741,17.165725,0.984116
UKT 1.5 07/53,20/04/2023,GB00BM8Z2V59,Conventional,1.5,31/07/2053,55.48,55.811492,92,4.071324,21.340155,0.331492
UKT 1.5 07/53,21/04/2023,GB00BM8Z2V59,Conventional,1.5,31/07/2053,55.64,55.983923,93,4.058434,21.347622,0.343923
UKT 1.5 07/53,24/04/2023,GB00BM8Z2V59,Conventional,1.5,31/07/2053,55.74,56.088066,104,4.050249,21.354807,0.348066
UKT 1.5 07/53,25/04/2023,GB00BM8Z2V59,Conventional,1.5,31/07/2053,56.47,56.82221,98,3.989967,21.42481,0.35221
UKT 1.5 07/53,26/04/2023,GB00BM8Z2V59,Conventional,1.5,31/07/2053,56.2,56.556354,98,4.012382,21.395096,0.356354
UKT 3.75 10/53,20/04/2023,GB00BPCJD997,Conventional,3.75,22/10/2053,93.72,93.709698,103,4.113225,17.634603,-0.010302
UKT 3.75 10/53,21/04/2023,GB00BPCJD997,Conventional,3.75,22/10/2053,93.91,93.930492,101,4.101775,17.640671,0.020492
UKT 3.75 10/53,24/04/2023,GB00BPCJD997,Conventional,3.75,22/10/2053,94.03,94.060738,96,4.09455,17.6469,0.030738
UKT 3.75 10/53,25/04/2023,GB00BPCJD997,Conventional,3.75,22/10/2053,95.03,95.070984,112,4.034755,17.717932,0.040984
UKT 3.75 10/53,26/04/2023,GB00BPCJD997,Conventional,3.75,22/10/2053,94.66,94.71123,111,4.056789,17.688092,0.05123
UKT 1.625 10/54,20/04/2023,GB00BJLR0J16,Conventional,1.625,22/10/2054,57.04,57.035536,109,4.051208,21.617131,-0.004464
UKT 1.625 10/54,21/04/2023,GB00BJLR0J16,Conventional,1.625,22/10/2054,57.2,57.20888,107,4.038694,21.625582,0.00888
UKT 1.625 10/54,24/04/2023,GB00BJLR0J16,Conventional,1.625,22/10/2054,57.3,57.31332,105,4.030766,21.633352,0.01332
UKT 1.625 10/54,25/04/2023,GB00BJLR0J16,Conventional,1.625,22/10/2054,58.04,58.05776,95,3.971714,21.70836,0.01776
UKT 1.625 10/54,26/04/2023,GB00BJLR0J16,Conventional,1.625,22/10/2054,57.77,57.792199,110,3.993345,21.677252,0.022199
UKT 4.25 12/55,20/04/2023,GB00B06YGN05,Conventional,4.25,07/12/2055,103.35,104.926236,97,4.06352,17.553154,1.576236
UKT 4.25 12/55,21/04/2023,GB00B06YGN05,Conventional,4.25,07/12/2055,103.6,105.211264,93,4.049955,17.564049,1.611264
UKT 4.25 12/55,24/04/2023,GB00B06YGN05,Conventional,4.25,07/12/2055,103.74,105.36294,111,4.042382,17.571951,1.62294
UKT 4.25 12/55,25/04/2023,GB00B06YGN05,Conventional,4.25,07/12/2055,104.82,106.454615,98,3.984472,17.650312,1.634615
UKT 4.25 12/55,26/04/2023,GB00B06YGN05,Conventional,4.25,07/12/2055,104.4,106.046291,112,4.006882,17.616243,1.646291
UKT 1.75 07/57,20/04/2023,GB00BD0XH204,Conventional,1.75,22/07/2057,58.44,58.870249,109,3.984138,22.162088,0.430249
UKT 1.75 07/57,21/04/2023,GB00BD0XH204,Conventional,1.75,22/07/2057,58.59,59.034751,105,3.973023,22.171976,0.444751
UKT 1.75 07/57,24/04/2023,GB00BD0XH204,Conventional,1.75,22/07/2057,58.69,59.139586,96,3.965512,22.181435,0.449586
UKT 1.75 07/57,25/04/2023,GB00BD0XH204,Conventional,1.75,22/07/2057,59.49,59.94442,110,3.905187,22.276324,0.45442
UKT 1.75 07/57,26/04/2023,GB00BD0XH204,Conventional,1.75,22/07/2057,59.19,59.649254,93,3.927846,22.236981,0.459254
UKT 4 01/60,20/04/2023,GB00B54QLM75,Conventional,4,22/01/2060,100.26,101.243425,104,3.986206,19.008105,0.983425
UKT 4 01/60,21/04/2023,GB00B54QLM75,Conventional,4,22/01/2060,100.48,101.496575,98,3.97479,19.019693,1.016575
UKT 4 01/60,24/04/2023,GB00B54QLM75,Conventional,4,22/01/2060,100.61,101.637624,101,3.968061,19.028607,1.027624
UKT 4 01/60,25/04/2023,GB00B54QLM75,Conventional,4,22/01/2060,101.83,102.868674,94,3.90553,19.134008,1.038674
UKT 4 01/60,26/04/2023,GB00B54QLM75,Conventional,4,22/01/2060,101.39,102.439724,111,3.927953,19.09251,1.049724
UKT 0.5 10/61,20/04/2023,GB00BMBL1D50,Conventional,0.5,22/10/2061,33.45,33.448626,111,3.808819,30.849753,-0.001374
UKT 0.5 10/61,21/04/2023,GB00BMBL1D50,Conventional,0.5,22/10/2061,33.58,33.582732,93,3.796854,30.860734,0.002732
UKT 0.5 10/61,24/04/2023,GB00BMBL1D50,Conventional,0.5,22/10/2061,33.62,33.624098,104,3.793198,30.863864,0.004098
UKT 0.5 10/61,25/04/2023,GB00BMBL1D50,Conventional,0.5,22/10/2061,34.17,34.175464,104,3.740897,30.943989,0.005464
UKT 0.5 10/61,26/04/2023,GB00BMBL1D50,Conventional,0.5,22/10/2061,33.94,33.946831,105,3.762931,30.906494,0.006831
UKT 2.5 07/65,20/04/2023,GB00BYYMZX75,Conventional,2.5,22/07/2065,70.94,71.554641,105,3.911086,22.463318,0.614641
UKT 2.5 07/65,21/04/2023,GB00BYYMZX75,Conventional,2.5,22/07/2065,71.12,71.755359,108,3.900047,22.48148,0.635359
UKT 2.5 07/65,24/04/2023,GB00BYYMZX75,Conventional,2.5,22/07/2065,71.23,71.872265,96,3.893282,22.494886,0.642265
UKT 2.5 07/65,25/04/2023,GB00BYYMZX75,Conventional,2.5,22/07/2065,72.14,72.789171,105,3.837559,22.625009,0.649171
UKT 2.5 07/65,26/04/2023,GB00BYYMZX75,Conventional,2.5,22/07/2065,71.79,72.446077,95,3.858933,22.571329,0.656077
UKT 3.5 07/68,20/04/2023,GB00BBJNQY21,Conventional,3.5,22/07/2068,91.3,92.160497,102,3.911405,21.401259,0.860497
UKT 3.5 07/68,21/04/2023,GB00BBJNQY21,Conventional,3.5,22/07/2068,91.54,92.429503,94,3.89929,21.423301,0.889503
UKT 3.5 07/68,24/04/2023,GB00BBJNQY21,Conventional,3.5,22/07/2068,91.71,92.609171,92,3.890726,21.441931,0.899171
UKT 3.5 07/68,25/04/2023,GB00BBJNQY21,Conventional,3.5,22/07/2068,92.81,93.71884,96,3.835841,21.576246,0.90884
UKT 3.5 07/68,26/04/2023,GB00BBJNQY21,Conventional,3.5,22/07/2068,92.39,93.308508,111,3.856692,21.521428,0.918508
UKT 1.625 10/71,20/04/2023,GB00BFMCN652,Conventional,1.625,22/10/2071,52.21,52.205536,110,3.783658,26.658249,-0.004464
UKT 1.625 10/71,21/04/2023,GB00BFMCN652,Conventional,1.625,22/10/2071,52.39,52.39888,100,3.770952,26.691128,0.00888
UKT 1.625 10/71,24/04/2023,GB00BFMCN652,Conventional,1.625,22/10/2071,52.5,52.51332,110,3.763163,26.713543,0.01332
UKT 1.625 10/71,25/04/2023,GB00BFMCN652,Conventional,1.625,22/10/2071,53.26,53.27776,100,3.709612,26.883488,0.01776
UKT 1.625 10/71,26/04/2023,GB00BFMCN652,Conventional,1.625,22/10/2071,52.96,52.982199,102,3.730707,26.81279,0.022199
UKT 1.125 10/73,20/04/2023,GB00BLBDX619,Conventional,1.125,22/10/2073,41.3,41.296909,109,3.70256,29.861915,-0.003091
UKT 1.125 10/73,21/04/2023,GB00BLBDX619,Conventional,1.125,22/10/2073,41.45,41.456148,98,3.690687,29.896671,0.006148
UKT 1.125 10/73,24/04/2023,GB00BLBDX619,Conventional,1.125,22/10/2073,41.56,41.569221,105,3.681914,29.925618,0.009221
UKT 1.125 10/73,25/04/2023,GB00BLBDX619,Conventional,1.125,22/10/2073,42.23,42.242295,111,3.62874,30.114533,0.012295
UKT 1.125 10/73,26/04/2023,GB00BLBDX619,Conventional,1.125,22/10/2073,41.97,41.985369,100,3.649352,30.037605,0.015369
